t_ms,source,delta_x,delta_y,orientation,modifiers
22098.5601,winit,0,7.625,line/Moved,
22098.5976,slint,0,457.5,,
22147.0068,winit,0,5.108333,line/Moved,
22147.0412,slint,0,306.5,,
22162.8956,winit,0,2.7333333,line/Moved,
22162.9495,slint,0,164,,
22181.0491,winit,0,3,line/Moved,
22181.0848,slint,0,180,,
22197.6513,winit,0,2.6083333,line/Moved,
22197.6836,slint,0,156.5,,
22216.0567,winit,0,3.0083334,line/Moved,
22216.0894,slint,0,180.5,,
22232.3848,winit,0,2.6166666,line/Moved,
22232.4355,slint,0,157,,
22248.6523,winit,0,2.4,line/Moved,
22248.6839,slint,0,144,,
22264.5618,winit,0,2.3333333,line/Moved,
22264.6401,slint,0,140,,
22280.515900000002,winit,0,2.275,line/Moved,
22280.5452,slint,0,136.5,,
22296.8792,winit,0,2.2083333,line/Moved,
22296.9106,slint,0,132.5,,
22312.672599999998,winit,0,2.1583333,line/Moved,
22312.7055,slint,0,129.5,,
22329.1934,winit,0,2.0833333,line/Moved,
22329.226,slint,0,124.99999,,
22344.888000000003,winit,0,2.0333333,line/Moved,
22344.930399999997,slint,0,122,,
22361.0085,winit,0,1.9583334,line/Moved,
22361.0535,slint,0,117.5,,
22378.0046,winit,0,2.025,line/Moved,
22378.0351,slint,0,121.50001,,
22395.1651,winit,0,1.9416667,line/Moved,
22395.1983,slint,0,116.5,,
22413.6904,winit,0,2.1083333,line/Moved,
22413.722,slint,0,126.5,,
22430.376200000002,winit,0,1.6916667,line/Moved,
22430.417299999997,slint,0,101.5,,
22446.4408,winit,0,1.7333333,line/Moved,
22446.4739,slint,0,104,,
22462.3754,winit,0,1.5666667,line/Moved,
22462.4081,slint,0,94,,
22477.844,winit,0,1.425,line/Moved,
22477.8992,slint,0,85.5,,
22494.6724,winit,0,1.5333333,line/Moved,
22494.7056,slint,0,92,,
22510.4056,winit,0,1.3833333,line/Moved,
22510.439300000002,slint,0,83,,
22526.2395,winit,0,1.325,line/Moved,
22526.2732,slint,0,79.5,,
22542.8088,winit,0,1.25,line/Moved,
22542.8564,slint,0,75,,
22559.019800000002,winit,0,1.1916667,line/Moved,
22559.047899999998,slint,0,71.5,,
22575.1169,winit,0,1.1,line/Moved,
22575.161399999997,slint,0,66,,
22591.227,winit,0,1.0333333,line/Moved,
22591.2609,slint,0,62,,
22608.571900000003,winit,0,0.94166666,line/Moved,
22608.6175,slint,0,56.5,,
22624.3095,winit,0,0.7916667,line/Moved,
22624.3432,slint,0,47.5,,
22639.8932,winit,0,0.65833336,line/Moved,
22639.9287,slint,0,39.5,,
22657.537399999997,winit,0,0.7,line/Moved,
22657.581700000002,slint,0,42,,
22674.288099999998,winit,0,0.5416667,line/Moved,
22674.3342,slint,0,32.5,,
22690.415699999998,winit,0,0.43333334,line/Moved,
22690.4488,slint,0,26,,
22706.6339,winit,0,0.375,line/Moved,
22706.6809,slint,0,22.5,,
22722.420199999997,winit,0,0.31666666,line/Moved,
22722.4528,slint,0,19,,
22738.3274,winit,0,0.25,line/Moved,
22738.3742,slint,0,15,,
22755.0685,winit,0,0.20833333,line/Moved,
22755.0985,slint,0,12.5,,
22770.4603,winit,0,0.16666667,line/Moved,
22770.5077,slint,0,10,,
22786.1286,winit,0,0.125,line/Moved,
22786.1777,slint,0,7.5,,
22802.816499999997,winit,0,0.075,line/Moved,
22802.8519,slint,0,4.5,,
22819.2767,winit,0,0.058333334,line/Moved,
22819.3275,slint,0,3.5,,
22834.9,winit,0,0.025,line/Moved,
22834.9313,slint,0,1.5,,
22851.2035,winit,0,0.016666668,line/Moved,
22851.2504,slint,0,1,,
24011.097299999998,winit,0,4.1,line/Moved,
24011.135199999997,slint,0,246,,
24028.852199999998,winit,0,5.7916665,line/Moved,
24028.8845,slint,0,347.5,,
24044.8566,winit,0,5.383333,line/Moved,
24044.8969,slint,0,323,,
24062.2777,winit,0,5.991667,line/Moved,
24062.3091,slint,0,359.5,,
24079.6285,winit,0,5.575,line/Moved,
24079.6762,slint,0,334.5,,
24095.7503,winit,0,5.1916666,line/Moved,
24095.7726,slint,0,311.5,,
24111.5037,winit,0,5.125,line/Moved,
24111.5505,slint,0,307.5,,
24128.3962,winit,0,5.0666666,line/Moved,
24128.4292,slint,0,304,,
24131.0711,winit,0,0.95,line/Moved,
24131.1075,slint,0,57,,
24159.156,winit,0,8.691667,line/Moved,
24159.1896,slint,0,521.5,,
24176.8137,winit,0,5.483333,line/Moved,
24176.8431,slint,0,329,,
24192.9826,winit,0,4.8166666,line/Moved,
24193.013,slint,0,289,,
24209.815,winit,0,5.05,line/Moved,
24209.849899999997,slint,0,303,,
24226.872799999997,winit,0,4.975,line/Moved,
24226.9063,slint,0,298.5,,
24243.905300000002,winit,0,4.9,line/Moved,
24243.9529,slint,0,294,,
24259.081299999998,winit,0,4.275,line/Moved,
24259.116299999998,slint,0,256.5,,
24274.9797,winit,0,4.491667,line/Moved,
24275.0251,slint,0,269.5,,
24291.455899999997,winit,0,4.7166667,line/Moved,
24291.4909,slint,0,283,,
24307.9474,winit,0,4.358333,line/Moved,
24307.9905,slint,0,261.5,,
24324.081299999998,winit,0,4.3,line/Moved,
24324.159600000003,slint,0,258,,
24340.264600000002,winit,0,4.508333,line/Moved,
24340.2991,slint,0,270.5,,
24359.6108,winit,0,4.95,line/Moved,
24359.6458,slint,0,297,,
24374.5157,winit,0,3.85,line/Moved,
24374.551199999998,slint,0,231,,
24390.4015,winit,0,4.05,line/Moved,
24390.4341,slint,0,243.00002,,
24406.303399999997,winit,0,3.9833333,line/Moved,
24406.3649,slint,0,239,,
24422.5699,winit,0,3.9166667,line/Moved,
24422.613299999997,slint,0,235,,
24438.0484,winit,0,3.625,line/Moved,
24438.0742,slint,0,217.5,,
24454.053900000003,winit,0,3.8,line/Moved,
24454.078700000002,slint,0,228,,
24471.312,winit,0,3.9666667,line/Moved,
24471.3399,slint,0,238,,
24473.5648,winit,0,0.69166666,line/Moved,
24473.608500000002,slint,0,41.5,,
24501.4934,winit,0,6.358333,line/Moved,
24501.5245,slint,0,381.5,,
24518.9135,winit,0,3.775,line/Moved,
24518.9428,slint,0,226.5,,
24535.167,winit,0,3.6916666,line/Moved,
24535.1988,slint,0,221.5,,
24551.2588,winit,0,3.2166667,line/Moved,
24551.2925,slint,0,193,,
24567.5778,winit,0,3.5666666,line/Moved,
24567.6276,slint,0,214,,
24584.923899999998,winit,0,3.4916666,line/Moved,
24584.978499999997,slint,0,209.5,,
24600.266200000002,winit,0,3.2416666,line/Moved,
24600.298,slint,0,194.5,,
24616.7625,winit,0,3.1666667,line/Moved,
24616.7919,slint,0,190,,
24632.7942,winit,0,3.1,line/Moved,
24632.826399999998,slint,0,186,,
24648.644099999998,winit,0,3.0416667,line/Moved,
24648.6877,slint,0,182.5,,
24664.406199999998,winit,0,2.975,line/Moved,
24664.4407,slint,0,178.5,,
24680.3254,winit,0,2.925,line/Moved,
24680.3789,slint,0,175.5,,
24697.0673,winit,0,2.85,line/Moved,
24697.1005,slint,0,171,,
24712.5914,winit,0,2.8,line/Moved,
24712.6355,slint,0,168,,
24728.438000000002,winit,0,2.7333333,line/Moved,
24728.4714,slint,0,164,,
24744.8026,winit,0,2.6666667,line/Moved,
24744.8321,slint,0,160,,
24760.7287,winit,0,2.6083333,line/Moved,
24760.7779,slint,0,156.5,,
24776.091999999997,winit,0,2.3833334,line/Moved,
24776.140900000002,slint,0,143,,
24793.444,winit,0,2.8,line/Moved,
24793.477,slint,0,168,,
24811.5277,winit,0,2.5666666,line/Moved,
24811.5607,slint,0,154,,
24827.611999999997,winit,0,2.4916666,line/Moved,
24827.659099999997,slint,0,149.5,,
24843.3654,winit,0,2.2916667,line/Moved,
24843.4128,slint,0,137.5,,
24859.3235,winit,0,2.2166667,line/Moved,
24859.3671,slint,0,133,,
24875.0171,winit,0,2.025,line/Moved,
24875.0508,slint,0,121.50001,,
24891.0001,winit,0,2.1083333,line/Moved,
24891.047700000003,slint,0,126.5,,
24907.8134,winit,0,2.1666667,line/Moved,
24907.847400000002,slint,0,130,,
24925.226,winit,0,2.2166667,line/Moved,
24925.266499999998,slint,0,133,,
24927.2748,winit,0,0.24166666,line/Moved,
24927.3036,slint,0,14.5,,
24956.304,winit,0,3.3916667,line/Moved,
24956.336499999998,slint,0,203.5,,
24973.189300000002,winit,0,1.8916667,line/Moved,
24973.2228,slint,0,113.5,,
24989.186400000002,winit,0,1.725,line/Moved,
24989.2213,slint,0,103.5,,
25004.9059,winit,0,1.55,line/Moved,
25004.9433,slint,0,93,,
25021.255,winit,0,1.6916667,line/Moved,
25021.2778,slint,0,101.5,,
25040.5224,winit,0,1.725,line/Moved,
25040.5701,slint,0,103.5,,
25055.7281,winit,0,1.4583334,line/Moved,
25055.7749,slint,0,87.5,,
25071.6624,winit,0,1.4083333,line/Moved,
25071.6997,slint,0,84.5,,
25087.518500000002,winit,0,1.3333334,line/Moved,
25087.543100000003,slint,0,80,,
25103.5672,winit,0,1.275,line/Moved,
25103.6018,slint,0,76.5,,
25119.3776,winit,0,1.2083334,line/Moved,
25119.41,slint,0,72.5,,
25135.3111,winit,0,1.1583333,line/Moved,
25135.3442,slint,0,69.5,,
25152.0403,winit,0,1.0416666,line/Moved,
25152.076,slint,0,62.499996,,
25168.1803,winit,0,0.96666664,line/Moved,
25168.2123,slint,0,58,,
25184.9158,winit,0,0.80833334,line/Moved,
25184.9905,slint,0,48.5,,
25202.2211,winit,0,0.8,line/Moved,
25202.2681,slint,0,48,,
25219.025999999998,winit,0,0.6333333,line/Moved,
25219.0598,slint,0,38,,
25235.263799999997,winit,0,0.5833333,line/Moved,
25235.310999999998,slint,0,35,,
25251.5517,winit,0,0.475,line/Moved,
25251.6018,slint,0,28.5,,
25268.6854,winit,0,0.40833333,line/Moved,
25268.7305,slint,0,24.5,,
25270.9595,winit,0,0.041666668,line/Moved,
25270.9902,slint,0,2.5,,
25300.0208,winit,0,0.5083333,line/Moved,
25300.0537,slint,0,30.5,,
25317.7467,winit,0,64.725,line/Moved,
25317.796000000002,slint,0,3883.5,,
25332.977,winit,0,0.15833333,line/Moved,
25333.0114,slint,0,9.5,,
25349.9251,winit,0,0.125,line/Moved,
25349.9599,slint,0,7.5,,
25367.372,winit,0,0.1,line/Moved,
25367.4548,slint,0,6,,
25384.1763,winit,0,0.05,line/Moved,
25384.2091,slint,0,3,,
25399.4162,winit,0,0.033333335,line/Moved,
25399.446,slint,0,2,,
25415.4477,winit,0,0.008333334,line/Moved,
25415.4803,slint,0,0.5,,
26494.8135,winit,0,5.6916666,line/Moved,
26494.8658,slint,0,341.5,,
26528.0677,winit,0,3.4083333,line/Moved,
26528.102,slint,0,204.5,,
26546.191700000003,winit,0,5.325,line/Moved,
26546.2484,slint,0,319.5,,
26561.9635,winit,0,4.133333,line/Moved,
26562.0071,slint,0,248,,
26579.004699999998,winit,0,4.625,line/Moved,
26579.051799999997,slint,0,277.5,,
26595.1522,winit,0,4.5583334,line/Moved,
26595.198,slint,0,273.5,,
26612.1573,winit,0,4.225,line/Moved,
26612.2063,slint,0,253.5,,
26614.412900000003,winit,0,0.78333336,line/Moved,
26614.441,slint,0,47,,
26643.0662,winit,0,7.2166667,line/Moved,
26643.1146,slint,0,433,,
26659.908300000003,winit,0,4.2916665,line/Moved,
26659.9394,slint,0,257.5,,
26677.5957,winit,0,4.475,line/Moved,
26677.631,slint,0,268.5,,
26693.7425,winit,0,3.9,line/Moved,
26693.785900000003,slint,0,234,,
26709.7679,winit,0,3.8416667,line/Moved,
26709.807999999997,slint,0,230.5,,
26725.5878,winit,0,3.7833333,line/Moved,
26725.6252,slint,0,227,,
26742.489299999997,winit,0,3.95,line/Moved,
26742.5466,slint,0,237,,
26759.5211,winit,0,3.8833334,line/Moved,
26759.567700000003,slint,0,233,,
26775.4954,winit,0,3.5833333,line/Moved,
26775.5285,slint,0,215,,
26791.889900000002,winit,0,3.525,line/Moved,
26791.921899999998,slint,0,211.5,,
26808.0625,winit,0,3.4666667,line/Moved,
26808.096299999997,slint,0,208,,
26824.479499999998,winit,0,3.6083333,line/Moved,
26824.5097,slint,0,216.5,,
26841.218999999997,winit,0,3.325,line/Moved,
26841.252099999998,slint,0,199.5,,
26856.991700000002,winit,0,3.2833333,line/Moved,
26857.0252,slint,0,197,,
26873.9047,winit,0,3.4,line/Moved,
26873.940000000002,slint,0,204,,
26889.886400000003,winit,0,3.15,line/Moved,
26889.92,slint,0,189,,
26906.7225,winit,0,3.275,line/Moved,
26906.7575,slint,0,196.5,,
26922.852899999998,winit,0,3.0083334,line/Moved,
26922.8731,slint,0,180.5,,
26939.6602,winit,0,3.1416667,line/Moved,
26939.691199999997,slint,0,188.5,,
26956.7476,winit,0,3.0666666,line/Moved,
26956.7828,slint,0,184,,
26959.1356,winit,0,0.53333336,line/Moved,
26959.1708,slint,0,32,,
26986.0936,winit,0,4.5333333,line/Moved,
26986.155,slint,0,272,,
27003.3877,winit,0,3.05,line/Moved,
27003.4144,slint,0,183,,
27020.3842,winit,0,2.8,line/Moved,
27020.409699999997,slint,0,168,,
27036.4987,winit,0,2.575,line/Moved,
27036.536099999998,slint,0,154.5,,
27052.9458,winit,0,2.5083334,line/Moved,
27052.9997,slint,0,150.5,,
27068.9536,winit,0,2.45,line/Moved,
27069.0125,slint,0,147,,
27084.4164,winit,0,2.3916667,line/Moved,
27084.474100000003,slint,0,143.5,,
27101.0423,winit,0,2.325,line/Moved,
27101.0773,slint,0,139.5,,
27117.3981,winit,0,2.4,line/Moved,
27117.429900000003,slint,0,144,,
27133.367199999997,winit,0,2.2,line/Moved,
27133.4029,slint,0,132,,
27149.4758,winit,0,2.1333334,line/Moved,
27149.505,slint,0,128,,
27165.7126,winit,0,2.075,line/Moved,
27165.7403,slint,0,124.5,,
27182.240400000002,winit,0,2.0083334,line/Moved,
27182.272399999998,slint,0,120.50001,,
27197.6396,winit,0,1.95,line/Moved,
27197.6742,slint,0,117,,
27214.316199999997,winit,0,2,line/Moved,
27214.3432,slint,0,120,,
27230.2991,winit,0,1.825,line/Moved,
27230.3402,slint,0,109.5,,
27246.294599999997,winit,0,1.7583333,line/Moved,
27246.3402,slint,0,105.5,,
27263.0791,winit,0,1.7,line/Moved,
27263.127699999997,slint,0,102,,
27280.1686,winit,0,1.8333334,line/Moved,
27280.2189,slint,0,110,,
27296.9185,winit,0,1.5666667,line/Moved,
27296.9518,slint,0,94,,
27312.6416,winit,0,1.5,line/Moved,
27312.6925,slint,0,90,,
27328.6478,winit,0,1.4416667,line/Moved,
27328.6814,slint,0,86.5,,
27344.6222,winit,0,1.3833333,line/Moved,
27344.651899999997,slint,0,83,,
27360.445200000002,winit,0,1.3083333,line/Moved,
27360.478199999998,slint,0,78.5,,
27376.301900000002,winit,0,1.2583333,line/Moved,
27376.333599999998,slint,0,75.5,,
27392.48,winit,0,1.1833333,line/Moved,
27392.5227,slint,0,71,,
27408.7736,winit,0,1.0916667,line/Moved,
27408.8067,slint,0,65.5,,
27424.7523,winit,0,0.98333335,line/Moved,
27424.7988,slint,0,59,,
27440.8989,winit,0,0.89166665,line/Moved,
27440.928499999998,slint,0,53.5,,
27457.7446,winit,0,0.8333333,line/Moved,
27457.791,slint,0,50,,
27474.844999999998,winit,0,0.7416667,line/Moved,
27474.8746,slint,0,44.5,,
27490.8917,winit,0,0.6166667,line/Moved,
27490.942900000002,slint,0,37,,
27507.903899999998,winit,0,0.55,line/Moved,
27507.9353,slint,0,33,,
27526.2094,winit,0,0.48333332,line/Moved,
27526.2707,slint,0,29,,
27542.5809,winit,0,0.39166668,line/Moved,
27542.6115,slint,0,23.5,,
27558.340699999997,winit,0,0.30833334,line/Moved,
27558.387799999997,slint,0,18.5,,
27574.2659,winit,0,0.25833333,line/Moved,
27574.2957,slint,0,15.5,,
27591.254500000003,winit,0,0.18333334,line/Moved,
27591.2883,slint,0,11,,
27607.5737,winit,0,0.15,line/Moved,
27607.630100000002,slint,0,9,,
27623.2901,winit,0,0.1,line/Moved,
27623.3394,slint,0,6,,
27640.0861,winit,0,0.083333336,line/Moved,
27640.130800000003,slint,0,5,,
27655.3517,winit,0,0.041666668,line/Moved,
27655.389199999998,slint,0,2.5,,
27671.3871,winit,0,0.033333335,line/Moved,
27671.432500000003,slint,0,2,,
27686.665999999997,winit,0,0.008333334,line/Moved,
27686.696500000002,slint,0,0.5,,
